<?xml version="1.0" encoding="UTF-8"?>
<configuration scan="true" scanPeriod="30 seconds">
	 <appender name="consoleAppender" class="ch.qos.logback.core.ConsoleAppender">
        <encoder class="net.logstash.logback.encoder.LoggingEventCompositeJsonEncoder">
            <providers>
                <timestamp/>
                <pattern>
                    <pattern>
                        {
                         "level": "%level",
                        "traceId": "%X{traceId}",
                        "spanId": "%X{spanId}",
                        "class": "%class",
                        "lineNumber" : "%L",
                        "message":"%replace(%message){'^[0-9]{5}([0-9]{7})','*'}",
                        "json_message": "#asJson{%message}"
                        }
                    </pattern>
                </pattern>
            </providers>
        </encoder>
    </appender>
	<root level="INFO">
		<appender-ref ref="consoleAppender" />
	</root>
</configuration>
